<?xml version="1.0" encoding="UTF-8"?>
<users>
  <user id="101" contextid="827">
    <username>alberto.molina</username>
    <idnumber></idnumber>
    <firstname>Alberto</firstname>
    <lastname>Molina Coballes</lastname>
    <email>alberto.molina@gonzalonazareno.org</email>
    <icq></icq>
    <skype></skype>
    <yahoo></yahoo>
    <aim></aim>
    <msn></msn>
    <phone1></phone1>
    <phone2></phone2>
    <institution></institution>
    <department></department>
    <address></address>
    <city>Sevilla</city>
    <country>ES</country>
    <lastip>172.22.10.29</lastip>
    <picture>1</picture>
    <url></url>
    <description></description>
    <descriptionformat>1</descriptionformat>
    <imagealt></imagealt>
    <auth>ldap</auth>
    <confirmed>1</confirmed>
    <policyagreed>0</policyagreed>
    <deleted>0</deleted>
    <lang>es_es</lang>
    <theme></theme>
    <timezone>99</timezone>
    <firstaccess>1252409124</firstaccess>
    <lastaccess>1332836258</lastaccess>
    <lastlogin>1332835805</lastlogin>
    <currentlogin>1332836258</currentlogin>
    <mailformat>1</mailformat>
    <maildigest>0</maildigest>
    <maildisplay>2</maildisplay>
    <htmleditor>1</htmleditor>
    <ajax>1</ajax>
    <autosubscribe>1</autosubscribe>
    <trackforums>0</trackforums>
    <timecreated>1252409124</timecreated>
    <timemodified>1252969340</timemodified>
    <trustbitmask>0</trustbitmask>
    <screenreader>0</screenreader>
    <custom_fields>
    </custom_fields>
    <tags>
    </tags>
    <preferences>
      <preference id="396">
        <name>assignment_mailinfo</name>
        <value>1</value>
      </preference>
      <preference id="394">
        <name>assignment_perpage</name>
        <value>32</value>
      </preference>
      <preference id="395">
        <name>assignment_quickgrade</name>
        <value>0</value>
      </preference>
      <preference id="337">
        <name>auth_forcepasswordchange</name>
        <value>0</value>
      </preference>
      <preference id="417">
        <name>calendar_savedflt</name>
        <value>15</value>
      </preference>
      <preference id="343">
        <name>grade_report_grader_collapsed_categories</name>
        <value>a:2:{s:14:"aggregatesonly";a:2:{i:0;s:2:"11";i:1;s:2:"10";}s:10:"gradesonly";a:0:{}}</value>
      </preference>
      <preference id="826">
        <name>mod_assignment_mod_form_showadvanced</name>
        <value>0</value>
      </preference>
      <preference id="390">
        <name>qcreate_perpage</name>
        <value>10</value>
      </preference>
      <preference id="527">
        <name>userselector_autoselectunique</name>
        <value>0</value>
      </preference>
      <preference id="526">
        <name>userselector_preserveselected</name>
        <value>0</value>
      </preference>
      <preference id="528">
        <name>userselector_searchanywhere</name>
        <value>0</value>
      </preference>
      <preference id="678">
        <name>user_add_filter_form_showadvanced</name>
        <value>1</value>
      </preference>
    </preferences>
    <roles>
      <role_overrides>
      </role_overrides>
      <role_assignments>
      </role_assignments>
    </roles>
  </user>
  <user id="103" contextid="824">
    <username>josedom</username>
    <idnumber></idnumber>
    <firstname>José Domingo</firstname>
    <lastname>Muñoz Rodríguez</lastname>
    <email>clasinfo@gmail.com</email>
    <icq></icq>
    <skype></skype>
    <yahoo></yahoo>
    <aim></aim>
    <msn></msn>
    <phone1></phone1>
    <phone2></phone2>
    <institution></institution>
    <department></department>
    <address></address>
    <city>Utrera</city>
    <country>ES</country>
    <lastip>172.22.2.228</lastip>
    <picture>1</picture>
    <url></url>
    <description></description>
    <descriptionformat>1</descriptionformat>
    <imagealt></imagealt>
    <auth>ldap</auth>
    <confirmed>1</confirmed>
    <policyagreed>0</policyagreed>
    <deleted>0</deleted>
    <lang>es_es</lang>
    <theme></theme>
    <timezone>99</timezone>
    <firstaccess>1252409403</firstaccess>
    <lastaccess>1332921246</lastaccess>
    <lastlogin>1332845935</lastlogin>
    <currentlogin>1332920922</currentlogin>
    <mailformat>1</mailformat>
    <maildigest>0</maildigest>
    <maildisplay>2</maildisplay>
    <htmleditor>1</htmleditor>
    <ajax>1</ajax>
    <autosubscribe>1</autosubscribe>
    <trackforums>0</trackforums>
    <timecreated>1252409403</timecreated>
    <timemodified>1253554225</timemodified>
    <trustbitmask>0</trustbitmask>
    <screenreader>0</screenreader>
    <custom_fields>
    </custom_fields>
    <tags>
    </tags>
    <preferences>
      <preference id="731">
        <name>assignment_filter</name>
        <value>0</value>
      </preference>
      <preference id="727">
        <name>assignment_mailinfo</name>
        <value>1</value>
      </preference>
      <preference id="387">
        <name>assignment_perpage</name>
        <value>31</value>
      </preference>
      <preference id="388">
        <name>assignment_quickgrade</name>
        <value>1</value>
      </preference>
      <preference id="344">
        <name>auth_forcepasswordchange</name>
        <value>0</value>
      </preference>
      <preference id="406">
        <name>grade_report_grader_collapsed_categories</name>
        <value>a:2:{s:14:"aggregatesonly";a:0:{}s:10:"gradesonly";a:0:{}}</value>
      </preference>
      <preference id="524">
        <name>userselector_autoselectunique</name>
        <value>0</value>
      </preference>
      <preference id="523">
        <name>userselector_preserveselected</name>
        <value>0</value>
      </preference>
      <preference id="525">
        <name>userselector_searchanywhere</name>
        <value>0</value>
      </preference>
      <preference id="757">
        <name>user_add_filter_form_showadvanced</name>
        <value>0</value>
      </preference>
    </preferences>
    <roles>
      <role_overrides>
      </role_overrides>
      <role_assignments>
      </role_assignments>
    </roles>
  </user>
  <user id="123" contextid="1365">
    <username>bampi</username>
    <idnumber></idnumber>
    <firstname>Ismael</firstname>
    <lastname>Márquez Díaz</lastname>
    <email>bampidh18@gmail.com</email>
    <icq></icq>
    <skype></skype>
    <yahoo></yahoo>
    <aim></aim>
    <msn></msn>
    <phone1></phone1>
    <phone2></phone2>
    <institution></institution>
    <department></department>
    <address></address>
    <city>Dos Hermanas</city>
    <country></country>
    <lastip>172.22.3.134</lastip>
    <picture>0</picture>
    <url></url>
    <description></description>
    <descriptionformat>1</descriptionformat>
    <imagealt>$@NULL@$</imagealt>
    <auth>ldap</auth>
    <confirmed>1</confirmed>
    <policyagreed>0</policyagreed>
    <deleted>0</deleted>
    <lang>es_es</lang>
    <theme></theme>
    <timezone>99</timezone>
    <firstaccess>1252587396</firstaccess>
    <lastaccess>1331717523</lastaccess>
    <lastlogin>1331654750</lastlogin>
    <currentlogin>1331717109</currentlogin>
    <mailformat>1</mailformat>
    <maildigest>0</maildigest>
    <maildisplay>2</maildisplay>
    <htmleditor>1</htmleditor>
    <ajax>1</ajax>
    <autosubscribe>1</autosubscribe>
    <trackforums>0</trackforums>
    <timecreated>1252587396</timecreated>
    <timemodified>1252587396</timemodified>
    <trustbitmask>0</trustbitmask>
    <screenreader>0</screenreader>
    <custom_fields>
    </custom_fields>
    <tags>
    </tags>
    <preferences>
      <preference id="412">
        <name>calendar_savedflt</name>
        <value>13</value>
      </preference>
    </preferences>
    <roles>
      <role_overrides>
      </role_overrides>
      <role_assignments>
      </role_assignments>
    </roles>
  </user>
  <user id="142" contextid="1138">
    <username>joseluis.jaime</username>
    <idnumber></idnumber>
    <firstname>José Luís</firstname>
    <lastname>Jaime González</lastname>
    <email>joseluis.gonzalonazareno@gmail.com</email>
    <icq></icq>
    <skype></skype>
    <yahoo></yahoo>
    <aim></aim>
    <msn></msn>
    <phone1></phone1>
    <phone2></phone2>
    <institution></institution>
    <department></department>
    <address></address>
    <city>Dos Hermanas</city>
    <country></country>
    <lastip>172.22.4.168</lastip>
    <picture>0</picture>
    <url></url>
    <description></description>
    <descriptionformat>1</descriptionformat>
    <imagealt>$@NULL@$</imagealt>
    <auth>ldap</auth>
    <confirmed>1</confirmed>
    <policyagreed>0</policyagreed>
    <deleted>0</deleted>
    <lang>es_es</lang>
    <theme></theme>
    <timezone>99</timezone>
    <firstaccess>1253171096</firstaccess>
    <lastaccess>1332849284</lastaccess>
    <lastlogin>1332845090</lastlogin>
    <currentlogin>1332849283</currentlogin>
    <mailformat>1</mailformat>
    <maildigest>0</maildigest>
    <maildisplay>2</maildisplay>
    <htmleditor>1</htmleditor>
    <ajax>1</ajax>
    <autosubscribe>1</autosubscribe>
    <trackforums>0</trackforums>
    <timecreated>1253171096</timecreated>
    <timemodified>1253171096</timemodified>
    <trustbitmask>0</trustbitmask>
    <screenreader>0</screenreader>
    <custom_fields>
    </custom_fields>
    <tags>
    </tags>
    <preferences>
      <preference id="746">
        <name>forum_displaymode</name>
        <value>1</value>
      </preference>
    </preferences>
    <roles>
      <role_overrides>
      </role_overrides>
      <role_assignments>
      </role_assignments>
    </roles>
  </user>
  <user id="196" contextid="1175">
    <username>adrian.jimenez</username>
    <idnumber></idnumber>
    <firstname>Adrián</firstname>
    <lastname>Jiménez Blanes</lastname>
    <email>ajblanes@gmail.com</email>
    <icq></icq>
    <skype></skype>
    <yahoo></yahoo>
    <aim></aim>
    <msn></msn>
    <phone1></phone1>
    <phone2></phone2>
    <institution></institution>
    <department></department>
    <address></address>
    <city>Dos Hermanas</city>
    <country>ES</country>
    <lastip>172.22.3.213</lastip>
    <picture>1</picture>
    <url>http://www.bunkerinformatico.com</url>
    <description></description>
    <descriptionformat>1</descriptionformat>
    <imagealt></imagealt>
    <auth>ldap</auth>
    <confirmed>1</confirmed>
    <policyagreed>0</policyagreed>
    <deleted>0</deleted>
    <lang>es_es</lang>
    <theme></theme>
    <timezone>99</timezone>
    <firstaccess>1253702626</firstaccess>
    <lastaccess>1332833151</lastaccess>
    <lastlogin>1332833062</lastlogin>
    <currentlogin>1332833150</currentlogin>
    <mailformat>1</mailformat>
    <maildigest>0</maildigest>
    <maildisplay>1</maildisplay>
    <htmleditor>1</htmleditor>
    <ajax>1</ajax>
    <autosubscribe>0</autosubscribe>
    <trackforums>0</trackforums>
    <timecreated>1253702626</timecreated>
    <timemodified>1328187530</timemodified>
    <trustbitmask>0</trustbitmask>
    <screenreader>0</screenreader>
    <custom_fields>
    </custom_fields>
    <tags>
    </tags>
    <preferences>
      <preference id="362">
        <name>calendar_savedflt</name>
        <value>15</value>
      </preference>
      <preference id="439">
        <name>user_edit_form_showadvanced</name>
        <value>1</value>
      </preference>
    </preferences>
    <roles>
      <role_overrides>
      </role_overrides>
      <role_assignments>
      </role_assignments>
    </roles>
  </user>
  <user id="213" contextid="1289">
    <username>migue.martin</username>
    <idnumber></idnumber>
    <firstname>Miguel Angel</firstname>
    <lastname>Martin Serrano</lastname>
    <email>junior_f1@hotmail.com</email>
    <icq></icq>
    <skype></skype>
    <yahoo></yahoo>
    <aim></aim>
    <msn></msn>
    <phone1></phone1>
    <phone2></phone2>
    <institution></institution>
    <department></department>
    <address></address>
    <city>Dos Hermanas</city>
    <country>ES</country>
    <lastip>172.22.4.218</lastip>
    <picture>1</picture>
    <url>martinmotorsport.clanteam.com</url>
    <description>&lt;p&gt;.&lt;/p&gt;</description>
    <descriptionformat>1</descriptionformat>
    <imagealt></imagealt>
    <auth>ldap</auth>
    <confirmed>1</confirmed>
    <policyagreed>0</policyagreed>
    <deleted>0</deleted>
    <lang>es_es</lang>
    <theme></theme>
    <timezone>99</timezone>
    <firstaccess>1254121134</firstaccess>
    <lastaccess>1332915734</lastaccess>
    <lastlogin>1332845176</lastlogin>
    <currentlogin>1332915734</currentlogin>
    <mailformat>1</mailformat>
    <maildigest>0</maildigest>
    <maildisplay>2</maildisplay>
    <htmleditor>1</htmleditor>
    <ajax>1</ajax>
    <autosubscribe>1</autosubscribe>
    <trackforums>0</trackforums>
    <timecreated>1254121134</timecreated>
    <timemodified>1321875775</timemodified>
    <trustbitmask>0</trustbitmask>
    <screenreader>0</screenreader>
    <custom_fields>
    </custom_fields>
    <tags>
    </tags>
    <preferences>
      <preference id="831">
        <name>block393hidden</name>
        <value>1</value>
      </preference>
      <preference id="832">
        <name>block394hidden</name>
        <value>1</value>
      </preference>
      <preference id="384">
        <name>user_edit_form_showadvanced</name>
        <value>1</value>
      </preference>
    </preferences>
    <roles>
      <role_overrides>
      </role_overrides>
      <role_assignments>
      </role_assignments>
    </roles>
  </user>
  <user id="215" contextid="1360">
    <username>alberto</username>
    <idnumber></idnumber>
    <firstname>Alberto</firstname>
    <lastname>Cardona Ruiz</lastname>
    <email>acardona90@gmail.com</email>
    <icq></icq>
    <skype></skype>
    <yahoo></yahoo>
    <aim></aim>
    <msn></msn>
    <phone1></phone1>
    <phone2></phone2>
    <institution></institution>
    <department></department>
    <address></address>
    <city>Dos Hermanas</city>
    <country></country>
    <lastip>172.22.4.188</lastip>
    <picture>0</picture>
    <url></url>
    <description></description>
    <descriptionformat>1</descriptionformat>
    <imagealt>$@NULL@$</imagealt>
    <auth>ldap</auth>
    <confirmed>1</confirmed>
    <policyagreed>0</policyagreed>
    <deleted>0</deleted>
    <lang>es_es</lang>
    <theme></theme>
    <timezone>99</timezone>
    <firstaccess>1254291402</firstaccess>
    <lastaccess>1332756589</lastaccess>
    <lastlogin>1332756579</lastlogin>
    <currentlogin>1332756589</currentlogin>
    <mailformat>1</mailformat>
    <maildigest>0</maildigest>
    <maildisplay>2</maildisplay>
    <htmleditor>1</htmleditor>
    <ajax>1</ajax>
    <autosubscribe>1</autosubscribe>
    <trackforums>0</trackforums>
    <timecreated>1254291402</timecreated>
    <timemodified>1254291402</timemodified>
    <trustbitmask>0</trustbitmask>
    <screenreader>0</screenreader>
    <custom_fields>
    </custom_fields>
    <tags>
    </tags>
    <preferences>
    </preferences>
    <roles>
      <role_overrides>
      </role_overrides>
      <role_assignments>
      </role_assignments>
    </roles>
  </user>
  <user id="218" contextid="1359">
    <username>j.a.perea</username>
    <idnumber></idnumber>
    <firstname>Jose Alejandro</firstname>
    <lastname>Perea García</lastname>
    <email>j.a.perea.garcia@gmail.com</email>
    <icq></icq>
    <skype></skype>
    <yahoo></yahoo>
    <aim></aim>
    <msn></msn>
    <phone1></phone1>
    <phone2></phone2>
    <institution></institution>
    <department></department>
    <address></address>
    <city>Dos hermanas</city>
    <country>ES</country>
    <lastip>172.22.5.92</lastip>
    <picture>1</picture>
    <url></url>
    <description> .&lt;br /&gt;</description>
    <descriptionformat>1</descriptionformat>
    <imagealt></imagealt>
    <auth>ldap</auth>
    <confirmed>1</confirmed>
    <policyagreed>0</policyagreed>
    <deleted>0</deleted>
    <lang>es_es</lang>
    <theme></theme>
    <timezone>99</timezone>
    <firstaccess>1254306666</firstaccess>
    <lastaccess>1332917434</lastaccess>
    <lastlogin>1332842027</lastlogin>
    <currentlogin>1332916339</currentlogin>
    <mailformat>1</mailformat>
    <maildigest>0</maildigest>
    <maildisplay>2</maildisplay>
    <htmleditor>1</htmleditor>
    <ajax>1</ajax>
    <autosubscribe>1</autosubscribe>
    <trackforums>0</trackforums>
    <timecreated>1254306666</timecreated>
    <timemodified>1286784916</timemodified>
    <trustbitmask>0</trustbitmask>
    <screenreader>0</screenreader>
    <custom_fields>
    </custom_fields>
    <tags>
      <tag id="22">
        <name>.</name>
        <rawname>.</rawname>
      </tag>
    </tags>
    <preferences>
      <preference id="443">
        <name>user_edit_form_showadvanced</name>
        <value>1</value>
      </preference>
    </preferences>
    <roles>
      <role_overrides>
      </role_overrides>
      <role_assignments>
      </role_assignments>
    </roles>
  </user>
  <user id="231" contextid="4799">
    <username>vito1991</username>
    <idnumber></idnumber>
    <firstname>Víctor José</firstname>
    <lastname>Corrales Nieto</lastname>
    <email>vito1991@gmail.com</email>
    <icq></icq>
    <skype></skype>
    <yahoo></yahoo>
    <aim></aim>
    <msn></msn>
    <phone1></phone1>
    <phone2></phone2>
    <institution></institution>
    <department></department>
    <address></address>
    <city>Dos Hermanas</city>
    <country></country>
    <lastip>77.230.134.32</lastip>
    <picture>0</picture>
    <url></url>
    <description></description>
    <descriptionformat>1</descriptionformat>
    <imagealt>$@NULL@$</imagealt>
    <auth>ldap</auth>
    <confirmed>1</confirmed>
    <policyagreed>0</policyagreed>
    <deleted>0</deleted>
    <lang>es_es</lang>
    <theme></theme>
    <timezone>99</timezone>
    <firstaccess>1260862871</firstaccess>
    <lastaccess>1328627959</lastaccess>
    <lastlogin>1328532280</lastlogin>
    <currentlogin>1328627959</currentlogin>
    <mailformat>1</mailformat>
    <maildigest>0</maildigest>
    <maildisplay>2</maildisplay>
    <htmleditor>1</htmleditor>
    <ajax>1</ajax>
    <autosubscribe>1</autosubscribe>
    <trackforums>0</trackforums>
    <timecreated>1316041549</timecreated>
    <timemodified>1260862871</timemodified>
    <trustbitmask>0</trustbitmask>
    <screenreader>0</screenreader>
    <custom_fields>
    </custom_fields>
    <tags>
    </tags>
    <preferences>
      <preference id="560">
        <name>block339hidden</name>
        <value>0</value>
      </preference>
    </preferences>
    <roles>
      <role_overrides>
      </role_overrides>
      <role_assignments>
      </role_assignments>
    </roles>
  </user>
  <user id="253" contextid="2774">
    <username>francisco.moron</username>
    <idnumber></idnumber>
    <firstname>Francisco Javier</firstname>
    <lastname>Morón Matas</lastname>
    <email>moronmatas@hotmail.com</email>
    <icq></icq>
    <skype></skype>
    <yahoo></yahoo>
    <aim></aim>
    <msn></msn>
    <phone1></phone1>
    <phone2></phone2>
    <institution></institution>
    <department></department>
    <address></address>
    <city>Dos Hermanas</city>
    <country></country>
    <lastip>87.218.24.37</lastip>
    <picture>0</picture>
    <url></url>
    <description></description>
    <descriptionformat>1</descriptionformat>
    <imagealt>$@NULL@$</imagealt>
    <auth>ldap</auth>
    <confirmed>1</confirmed>
    <policyagreed>0</policyagreed>
    <deleted>0</deleted>
    <lang>es_es</lang>
    <theme></theme>
    <timezone>99</timezone>
    <firstaccess>1284631522</firstaccess>
    <lastaccess>1328201551</lastaccess>
    <lastlogin>1327184770</lastlogin>
    <currentlogin>1328201377</currentlogin>
    <mailformat>1</mailformat>
    <maildigest>0</maildigest>
    <maildisplay>2</maildisplay>
    <htmleditor>1</htmleditor>
    <ajax>1</ajax>
    <autosubscribe>1</autosubscribe>
    <trackforums>0</trackforums>
    <timecreated>1284631522</timecreated>
    <timemodified>1284631522</timemodified>
    <trustbitmask>0</trustbitmask>
    <screenreader>0</screenreader>
    <custom_fields>
    </custom_fields>
    <tags>
    </tags>
    <preferences>
      <preference id="700">
        <name>block393hidden</name>
        <value>0</value>
      </preference>
      <preference id="682">
        <name>forum_displaymode</name>
        <value>-1</value>
      </preference>
    </preferences>
    <roles>
      <role_overrides>
      </role_overrides>
      <role_assignments>
      </role_assignments>
    </roles>
  </user>
  <user id="259" contextid="2790">
    <username>vicente.lopezh</username>
    <idnumber></idnumber>
    <firstname>Vicente</firstname>
    <lastname>López de Haro Martín de la Vega</lastname>
    <email>vicentelhmv@gmail.com</email>
    <icq></icq>
    <skype></skype>
    <yahoo></yahoo>
    <aim></aim>
    <msn></msn>
    <phone1></phone1>
    <phone2></phone2>
    <institution></institution>
    <department></department>
    <address></address>
    <city>Dos Hermanas</city>
    <country>ES</country>
    <lastip>172.22.0.33</lastip>
    <picture>0</picture>
    <url></url>
    <description>&lt;br /&gt;
 &lt;p&gt;En pruebas de visualización Ejemplo: :-) &lt;/p&gt;</description>
    <descriptionformat>1</descriptionformat>
    <imagealt></imagealt>
    <auth>ldap</auth>
    <confirmed>1</confirmed>
    <policyagreed>0</policyagreed>
    <deleted>0</deleted>
    <lang>es_es</lang>
    <theme></theme>
    <timezone>99</timezone>
    <firstaccess>1284632304</firstaccess>
    <lastaccess>1332841073</lastaccess>
    <lastlogin>1332758282</lastlogin>
    <currentlogin>1332841002</currentlogin>
    <mailformat>1</mailformat>
    <maildigest>0</maildigest>
    <maildisplay>0</maildisplay>
    <htmleditor>1</htmleditor>
    <ajax>1</ajax>
    <autosubscribe>1</autosubscribe>
    <trackforums>0</trackforums>
    <timecreated>1284632304</timecreated>
    <timemodified>1296338475</timemodified>
    <trustbitmask>0</trustbitmask>
    <screenreader>0</screenreader>
    <custom_fields>
    </custom_fields>
    <tags>
      <tag id="23">
        <name>sicólogicamente inaccesible</name>
        <rawname>Sicólogicamente inaccesible</rawname>
      </tag>
    </tags>
    <preferences>
      <preference id="744">
        <name>forum_displaymode</name>
        <value>-1</value>
      </preference>
      <preference id="630">
        <name>message_blocknoncontacts</name>
        <value>1</value>
      </preference>
      <preference id="616">
        <name>message_provider_mod_assignment_assignment_updates_loggedin</name>
        <value>email</value>
      </preference>
      <preference id="617">
        <name>message_provider_mod_assignment_assignment_updates_loggedoff</name>
        <value>email</value>
      </preference>
      <preference id="624">
        <name>message_provider_mod_feedback_message_loggedin</name>
        <value>email</value>
      </preference>
      <preference id="625">
        <name>message_provider_mod_feedback_message_loggedoff</name>
        <value>email</value>
      </preference>
      <preference id="628">
        <name>message_provider_mod_feedback_submission_loggedin</name>
        <value>email</value>
      </preference>
      <preference id="629">
        <name>message_provider_mod_feedback_submission_loggedoff</name>
        <value>email</value>
      </preference>
      <preference id="626">
        <name>message_provider_mod_forum_posts_loggedin</name>
        <value>email</value>
      </preference>
      <preference id="627">
        <name>message_provider_mod_forum_posts_loggedoff</name>
        <value>email</value>
      </preference>
      <preference id="622">
        <name>message_provider_mod_lesson_graded_essay_loggedin</name>
        <value>email</value>
      </preference>
      <preference id="623">
        <name>message_provider_mod_lesson_graded_essay_loggedoff</name>
        <value>email</value>
      </preference>
      <preference id="618">
        <name>message_provider_moodle_courserequestapproved_loggedin</name>
        <value>email</value>
      </preference>
      <preference id="619">
        <name>message_provider_moodle_courserequestapproved_loggedoff</name>
        <value>email</value>
      </preference>
      <preference id="620">
        <name>message_provider_moodle_courserequestrejected_loggedin</name>
        <value>email</value>
      </preference>
      <preference id="621">
        <name>message_provider_moodle_courserequestrejected_loggedoff</name>
        <value>email</value>
      </preference>
    </preferences>
    <roles>
      <role_overrides>
      </role_overrides>
      <role_assignments>
      </role_assignments>
    </roles>
  </user>
  <user id="261" contextid="2797">
    <username>leo.bernal</username>
    <idnumber></idnumber>
    <firstname>leonardo</firstname>
    <lastname>Bernal Bueno</lastname>
    <email>leobernal91@gmail.com</email>
    <icq></icq>
    <skype></skype>
    <yahoo></yahoo>
    <aim></aim>
    <msn></msn>
    <phone1></phone1>
    <phone2></phone2>
    <institution></institution>
    <department></department>
    <address></address>
    <city>Las cabezas</city>
    <country>ES</country>
    <lastip>172.22.1.123</lastip>
    <picture>0</picture>
    <url></url>
    <description></description>
    <descriptionformat>1</descriptionformat>
    <imagealt></imagealt>
    <auth>ldap</auth>
    <confirmed>1</confirmed>
    <policyagreed>0</policyagreed>
    <deleted>0</deleted>
    <lang>es_es</lang>
    <theme></theme>
    <timezone>99</timezone>
    <firstaccess>1284632566</firstaccess>
    <lastaccess>1332915890</lastaccess>
    <lastlogin>1332837552</lastlogin>
    <currentlogin>1332915889</currentlogin>
    <mailformat>1</mailformat>
    <maildigest>0</maildigest>
    <maildisplay>2</maildisplay>
    <htmleditor>1</htmleditor>
    <ajax>1</ajax>
    <autosubscribe>0</autosubscribe>
    <trackforums>0</trackforums>
    <timecreated>1284632566</timecreated>
    <timemodified>1318315525</timemodified>
    <trustbitmask>0</trustbitmask>
    <screenreader>0</screenreader>
    <custom_fields>
    </custom_fields>
    <tags>
    </tags>
    <preferences>
      <preference id="513">
        <name>calendar_savedflt</name>
        <value>7</value>
      </preference>
      <preference id="515">
        <name>recent_form_showadvanced</name>
        <value>1</value>
      </preference>
    </preferences>
    <roles>
      <role_overrides>
      </role_overrides>
      <role_assignments>
      </role_assignments>
    </roles>
  </user>
  <user id="284" contextid="2862">
    <username>juan.beato</username>
    <idnumber></idnumber>
    <firstname>Juan Antonio</firstname>
    <lastname>Beato Quiñones</lastname>
    <email>juan.beato44@gmail.com</email>
    <icq></icq>
    <skype></skype>
    <yahoo></yahoo>
    <aim></aim>
    <msn></msn>
    <phone1></phone1>
    <phone2></phone2>
    <institution></institution>
    <department></department>
    <address></address>
    <city>Dos Hermanas</city>
    <country></country>
    <lastip>172.22.4.237</lastip>
    <picture>0</picture>
    <url></url>
    <description></description>
    <descriptionformat>1</descriptionformat>
    <imagealt>$@NULL@$</imagealt>
    <auth>ldap</auth>
    <confirmed>1</confirmed>
    <policyagreed>0</policyagreed>
    <deleted>0</deleted>
    <lang>es_es</lang>
    <theme></theme>
    <timezone>99</timezone>
    <firstaccess>1285052369</firstaccess>
    <lastaccess>1332918595</lastaccess>
    <lastlogin>1332842417</lastlogin>
    <currentlogin>1332915784</currentlogin>
    <mailformat>1</mailformat>
    <maildigest>0</maildigest>
    <maildisplay>2</maildisplay>
    <htmleditor>1</htmleditor>
    <ajax>1</ajax>
    <autosubscribe>1</autosubscribe>
    <trackforums>0</trackforums>
    <timecreated>1285052369</timecreated>
    <timemodified>1285052369</timemodified>
    <trustbitmask>0</trustbitmask>
    <screenreader>0</screenreader>
    <custom_fields>
    </custom_fields>
    <tags>
    </tags>
    <preferences>
    </preferences>
    <roles>
      <role_overrides>
      </role_overrides>
      <role_assignments>
      </role_assignments>
    </roles>
  </user>
  <user id="285" contextid="2863">
    <username>david.tejero</username>
    <idnumber></idnumber>
    <firstname>Antonio David</firstname>
    <lastname>Tejero Galán</lastname>
    <email>atejero92@gmail.com</email>
    <icq></icq>
    <skype></skype>
    <yahoo></yahoo>
    <aim></aim>
    <msn></msn>
    <phone1></phone1>
    <phone2></phone2>
    <institution></institution>
    <department></department>
    <address></address>
    <city>Los Palacios</city>
    <country>ES</country>
    <lastip>172.22.9.50</lastip>
    <picture>1</picture>
    <url></url>
    <description>Betis</description>
    <descriptionformat>1</descriptionformat>
    <imagealt></imagealt>
    <auth>ldap</auth>
    <confirmed>1</confirmed>
    <policyagreed>0</policyagreed>
    <deleted>0</deleted>
    <lang>es_es</lang>
    <theme></theme>
    <timezone>99</timezone>
    <firstaccess>1285052402</firstaccess>
    <lastaccess>1332756514</lastaccess>
    <lastlogin>1332751708</lastlogin>
    <currentlogin>1332756514</currentlogin>
    <mailformat>1</mailformat>
    <maildigest>0</maildigest>
    <maildisplay>2</maildisplay>
    <htmleditor>1</htmleditor>
    <ajax>1</ajax>
    <autosubscribe>1</autosubscribe>
    <trackforums>0</trackforums>
    <timecreated>1285052402</timecreated>
    <timemodified>1299699539</timemodified>
    <trustbitmask>0</trustbitmask>
    <screenreader>0</screenreader>
    <custom_fields>
    </custom_fields>
    <tags>
    </tags>
    <preferences>
    </preferences>
    <roles>
      <role_overrides>
      </role_overrides>
      <role_assignments>
      </role_assignments>
    </roles>
  </user>
  <user id="290" contextid="2909">
    <username>rosabel</username>
    <idnumber></idnumber>
    <firstname>Rosario belén</firstname>
    <lastname>Rangel Páez</lastname>
    <email>laquatica_sev@hotmail.com</email>
    <icq></icq>
    <skype></skype>
    <yahoo></yahoo>
    <aim></aim>
    <msn></msn>
    <phone1></phone1>
    <phone2></phone2>
    <institution></institution>
    <department></department>
    <address></address>
    <city>Los Palacios</city>
    <country></country>
    <lastip>172.22.0.249</lastip>
    <picture>0</picture>
    <url></url>
    <description></description>
    <descriptionformat>1</descriptionformat>
    <imagealt>$@NULL@$</imagealt>
    <auth>ldap</auth>
    <confirmed>1</confirmed>
    <policyagreed>0</policyagreed>
    <deleted>0</deleted>
    <lang>es_es</lang>
    <theme></theme>
    <timezone>99</timezone>
    <firstaccess>1285238289</firstaccess>
    <lastaccess>1316776386</lastaccess>
    <lastlogin>1308823555</lastlogin>
    <currentlogin>1316773034</currentlogin>
    <mailformat>1</mailformat>
    <maildigest>0</maildigest>
    <maildisplay>2</maildisplay>
    <htmleditor>1</htmleditor>
    <ajax>1</ajax>
    <autosubscribe>1</autosubscribe>
    <trackforums>0</trackforums>
    <timecreated>1285238289</timecreated>
    <timemodified>1285238289</timemodified>
    <trustbitmask>0</trustbitmask>
    <screenreader>0</screenreader>
    <custom_fields>
    </custom_fields>
    <tags>
    </tags>
    <preferences>
      <preference id="493">
        <name>calendar_savedflt</name>
        <value>15</value>
      </preference>
    </preferences>
    <roles>
      <role_overrides>
      </role_overrides>
      <role_assignments>
      </role_assignments>
    </roles>
  </user>
  <user id="294" contextid="3012">
    <username>sergiocercam</username>
    <idnumber></idnumber>
    <firstname>Sergio</firstname>
    <lastname>Cervilla Campoy</lastname>
    <email>sergioccool@gmail.com</email>
    <icq></icq>
    <skype></skype>
    <yahoo></yahoo>
    <aim></aim>
    <msn></msn>
    <phone1></phone1>
    <phone2></phone2>
    <institution></institution>
    <department></department>
    <address></address>
    <city>Dos Hermanas</city>
    <country>ES</country>
    <lastip>172.22.1.33</lastip>
    <picture>0</picture>
    <url></url>
    <description>...</description>
    <descriptionformat>1</descriptionformat>
    <imagealt></imagealt>
    <auth>ldap</auth>
    <confirmed>1</confirmed>
    <policyagreed>0</policyagreed>
    <deleted>0</deleted>
    <lang>es_es</lang>
    <theme></theme>
    <timezone>99</timezone>
    <firstaccess>1286269617</firstaccess>
    <lastaccess>1332756404</lastaccess>
    <lastlogin>1332756262</lastlogin>
    <currentlogin>1332756272</currentlogin>
    <mailformat>1</mailformat>
    <maildigest>0</maildigest>
    <maildisplay>2</maildisplay>
    <htmleditor>1</htmleditor>
    <ajax>1</ajax>
    <autosubscribe>1</autosubscribe>
    <trackforums>0</trackforums>
    <timecreated>1286269617</timecreated>
    <timemodified>1292500791</timemodified>
    <trustbitmask>0</trustbitmask>
    <screenreader>0</screenreader>
    <custom_fields>
    </custom_fields>
    <tags>
    </tags>
    <preferences>
      <preference id="791">
        <name>block393hidden</name>
        <value>0</value>
      </preference>
      <preference id="792">
        <name>block394hidden</name>
        <value>1</value>
      </preference>
      <preference id="481">
        <name>forum_displaymode</name>
        <value>3</value>
      </preference>
      <preference id="475">
        <name>user_edit_form_showadvanced</name>
        <value>1</value>
      </preference>
    </preferences>
    <roles>
      <role_overrides>
      </role_overrides>
      <role_assignments>
      </role_assignments>
    </roles>
  </user>
  <user id="297" contextid="3118">
    <username>joseluismd</username>
    <idnumber></idnumber>
    <firstname>José Luis</firstname>
    <lastname>Martín Díaz</lastname>
    <email>jlmartindiaz@yahoo.es</email>
    <icq></icq>
    <skype></skype>
    <yahoo></yahoo>
    <aim></aim>
    <msn></msn>
    <phone1></phone1>
    <phone2></phone2>
    <institution></institution>
    <department></department>
    <address></address>
    <city>Dos Hermanas</city>
    <country>ES</country>
    <lastip>172.22.1.225</lastip>
    <picture>0</picture>
    <url></url>
    <description>Sin descripción </description>
    <descriptionformat>1</descriptionformat>
    <imagealt></imagealt>
    <auth>ldap</auth>
    <confirmed>1</confirmed>
    <policyagreed>0</policyagreed>
    <deleted>0</deleted>
    <lang>es_es</lang>
    <theme></theme>
    <timezone>99</timezone>
    <firstaccess>1286571284</firstaccess>
    <lastaccess>1332833064</lastaccess>
    <lastlogin>1332787044</lastlogin>
    <currentlogin>1332833064</currentlogin>
    <mailformat>1</mailformat>
    <maildigest>0</maildigest>
    <maildisplay>2</maildisplay>
    <htmleditor>1</htmleditor>
    <ajax>1</ajax>
    <autosubscribe>1</autosubscribe>
    <trackforums>0</trackforums>
    <timecreated>1286571284</timecreated>
    <timemodified>1290125927</timemodified>
    <trustbitmask>0</trustbitmask>
    <screenreader>0</screenreader>
    <custom_fields>
    </custom_fields>
    <tags>
    </tags>
    <preferences>
      <preference id="497">
        <name>calendar_lookahead</name>
        <value>31</value>
      </preference>
      <preference id="496">
        <name>calendar_maxevents</name>
        <value>10</value>
      </preference>
      <preference id="498">
        <name>calendar_persistflt</name>
        <value>0</value>
      </preference>
      <preference id="457">
        <name>calendar_savedflt</name>
        <value>15</value>
      </preference>
      <preference id="495">
        <name>calendar_startwday</name>
        <value>1</value>
      </preference>
      <preference id="494">
        <name>calendar_timeformat</name>
        <value></value>
      </preference>
      <preference id="467">
        <name>forum_displaymode</name>
        <value>3</value>
      </preference>
      <preference id="468">
        <name>user_edit_form_showadvanced</name>
        <value>1</value>
      </preference>
    </preferences>
    <roles>
      <role_overrides>
      </role_overrides>
      <role_assignments>
      </role_assignments>
    </roles>
  </user>
  <user id="309" contextid="4818">
    <username>roberto.molinero</username>
    <idnumber></idnumber>
    <firstname>Roberto</firstname>
    <lastname>Molinero Maroto</lastname>
    <email>robertomm78@gmail.com</email>
    <icq></icq>
    <skype></skype>
    <yahoo></yahoo>
    <aim></aim>
    <msn>robertomm@msn.com</msn>
    <phone1></phone1>
    <phone2></phone2>
    <institution></institution>
    <department></department>
    <address></address>
    <city>Utrera</city>
    <country>ES</country>
    <lastip>95.18.105.18</lastip>
    <picture>1</picture>
    <url></url>
    <description></description>
    <descriptionformat>0</descriptionformat>
    <imagealt></imagealt>
    <auth>ldap</auth>
    <confirmed>1</confirmed>
    <policyagreed>0</policyagreed>
    <deleted>0</deleted>
    <lang>es_es</lang>
    <theme></theme>
    <timezone>99</timezone>
    <firstaccess>1316169180</firstaccess>
    <lastaccess>1319448623</lastaccess>
    <lastlogin>1318708043</lastlogin>
    <currentlogin>1319448338</currentlogin>
    <mailformat>1</mailformat>
    <maildigest>0</maildigest>
    <maildisplay>2</maildisplay>
    <htmleditor>1</htmleditor>
    <ajax>1</ajax>
    <autosubscribe>1</autosubscribe>
    <trackforums>0</trackforums>
    <timecreated>0</timecreated>
    <timemodified>1316203121</timemodified>
    <trustbitmask>0</trustbitmask>
    <screenreader>0</screenreader>
    <custom_fields>
    </custom_fields>
    <tags>
      <tag id="28">
        <name>deporte</name>
        <rawname>Deporte</rawname>
      </tag>
      <tag id="29">
        <name>música</name>
        <rawname>Música</rawname>
      </tag>
      <tag id="30">
        <name>lectura y el cine.</name>
        <rawname>Lectura y el cine.</rawname>
      </tag>
    </tags>
    <preferences>
    </preferences>
    <roles>
      <role_overrides>
      </role_overrides>
      <role_assignments>
      </role_assignments>
    </roles>
  </user>
  <user id="320" contextid="4917">
    <username>alejandro.agroba</username>
    <idnumber></idnumber>
    <firstname>Alejandro</firstname>
    <lastname>Agroba Castro</lastname>
    <email>er_zeus1989@hotmail.com</email>
    <icq></icq>
    <skype></skype>
    <yahoo></yahoo>
    <aim></aim>
    <msn></msn>
    <phone1></phone1>
    <phone2></phone2>
    <institution></institution>
    <department></department>
    <address></address>
    <city>Dos Hermanas</city>
    <country></country>
    <lastip>172.22.6.204</lastip>
    <picture>0</picture>
    <url></url>
    <description>$@NULL@$</description>
    <descriptionformat>0</descriptionformat>
    <imagealt>$@NULL@$</imagealt>
    <auth>ldap</auth>
    <confirmed>1</confirmed>
    <policyagreed>0</policyagreed>
    <deleted>0</deleted>
    <lang>es_es</lang>
    <theme></theme>
    <timezone>99</timezone>
    <firstaccess>1316420522</firstaccess>
    <lastaccess>1332845141</lastaccess>
    <lastlogin>1332757246</lastlogin>
    <currentlogin>1332845140</currentlogin>
    <mailformat>1</mailformat>
    <maildigest>0</maildigest>
    <maildisplay>2</maildisplay>
    <htmleditor>1</htmleditor>
    <ajax>1</ajax>
    <autosubscribe>1</autosubscribe>
    <trackforums>0</trackforums>
    <timecreated>0</timecreated>
    <timemodified>1316420522</timemodified>
    <trustbitmask>0</trustbitmask>
    <screenreader>0</screenreader>
    <custom_fields>
    </custom_fields>
    <tags>
    </tags>
    <preferences>
    </preferences>
    <roles>
      <role_overrides>
      </role_overrides>
      <role_assignments>
      </role_assignments>
    </roles>
  </user>
  <user id="330" contextid="4955">
    <username>carlosfernandez</username>
    <idnumber></idnumber>
    <firstname>Carlos</firstname>
    <lastname>Fernández Troncoso</lastname>
    <email>carlosfernandez16@gmail.com</email>
    <icq></icq>
    <skype></skype>
    <yahoo></yahoo>
    <aim></aim>
    <msn></msn>
    <phone1></phone1>
    <phone2></phone2>
    <institution></institution>
    <department></department>
    <address></address>
    <city>Utrera</city>
    <country>ES</country>
    <lastip>172.22.1.46</lastip>
    <picture>1</picture>
    <url></url>
    <description></description>
    <descriptionformat>0</descriptionformat>
    <imagealt></imagealt>
    <auth>ldap</auth>
    <confirmed>1</confirmed>
    <policyagreed>0</policyagreed>
    <deleted>0</deleted>
    <lang>es_es</lang>
    <theme></theme>
    <timezone>99</timezone>
    <firstaccess>1316593254</firstaccess>
    <lastaccess>1332916134</lastaccess>
    <lastlogin>1332846020</lastlogin>
    <currentlogin>1332916028</currentlogin>
    <mailformat>1</mailformat>
    <maildigest>0</maildigest>
    <maildisplay>2</maildisplay>
    <htmleditor>1</htmleditor>
    <ajax>1</ajax>
    <autosubscribe>1</autosubscribe>
    <trackforums>0</trackforums>
    <timecreated>0</timecreated>
    <timemodified>1317717757</timemodified>
    <trustbitmask>0</trustbitmask>
    <screenreader>0</screenreader>
    <custom_fields>
    </custom_fields>
    <tags>
    </tags>
    <preferences>
      <preference id="672">
        <name>block149hidden</name>
        <value>0</value>
      </preference>
      <preference id="749">
        <name>block1hidden</name>
        <value>1</value>
      </preference>
      <preference id="601">
        <name>block226hidden</name>
        <value>0</value>
      </preference>
      <preference id="708">
        <name>block300hidden</name>
        <value>0</value>
      </preference>
      <preference id="711">
        <name>block303hidden</name>
        <value>0</value>
      </preference>
      <preference id="712">
        <name>block304hidden</name>
        <value>0</value>
      </preference>
      <preference id="713">
        <name>block305hidden</name>
        <value>0</value>
      </preference>
      <preference id="790">
        <name>block308hidden</name>
        <value>0</value>
      </preference>
      <preference id="710">
        <name>block393hidden</name>
        <value>0</value>
      </preference>
      <preference id="709">
        <name>block394hidden</name>
        <value>1</value>
      </preference>
      <preference id="748">
        <name>block402hidden</name>
        <value>1</value>
      </preference>
    </preferences>
    <roles>
      <role_overrides>
      </role_overrides>
      <role_assignments>
      </role_assignments>
    </roles>
  </user>
  <user id="331" contextid="4956">
    <username>miguelhr</username>
    <idnumber></idnumber>
    <firstname>Carlos Miguel</firstname>
    <lastname>Hernández Romero</lastname>
    <email>miguel2hermanas@gmail.com</email>
    <icq></icq>
    <skype></skype>
    <yahoo></yahoo>
    <aim></aim>
    <msn></msn>
    <phone1></phone1>
    <phone2></phone2>
    <institution></institution>
    <department></department>
    <address></address>
    <city>Sevilla</city>
    <country>ES</country>
    <lastip>172.22.4.238</lastip>
    <picture>1</picture>
    <url></url>
    <description></description>
    <descriptionformat>0</descriptionformat>
    <imagealt></imagealt>
    <auth>ldap</auth>
    <confirmed>1</confirmed>
    <policyagreed>0</policyagreed>
    <deleted>0</deleted>
    <lang>es_es</lang>
    <theme></theme>
    <timezone>99</timezone>
    <firstaccess>1316593396</firstaccess>
    <lastaccess>1332917196</lastaccess>
    <lastlogin>1332847808</lastlogin>
    <currentlogin>1332916320</currentlogin>
    <mailformat>1</mailformat>
    <maildigest>0</maildigest>
    <maildisplay>2</maildisplay>
    <htmleditor>1</htmleditor>
    <ajax>1</ajax>
    <autosubscribe>1</autosubscribe>
    <trackforums>0</trackforums>
    <timecreated>0</timecreated>
    <timemodified>1316612940</timemodified>
    <trustbitmask>0</trustbitmask>
    <screenreader>0</screenreader>
    <custom_fields>
    </custom_fields>
    <tags>
    </tags>
    <preferences>
      <preference id="677">
        <name>forum_displaymode</name>
        <value>3</value>
      </preference>
      <preference id="782">
        <name>recent_form_showadvanced</name>
        <value>1</value>
      </preference>
    </preferences>
    <roles>
      <role_overrides>
      </role_overrides>
      <role_assignments>
      </role_assignments>
    </roles>
  </user>
  <user id="332" contextid="4974">
    <username>sergio.marchena</username>
    <idnumber></idnumber>
    <firstname>Sergio</firstname>
    <lastname>Marchena Quirós</lastname>
    <email>ortonchico_sergio@hotmail.com</email>
    <icq></icq>
    <skype></skype>
    <yahoo></yahoo>
    <aim></aim>
    <msn></msn>
    <phone1></phone1>
    <phone2></phone2>
    <institution></institution>
    <department></department>
    <address></address>
    <city>Dos Hermanas</city>
    <country></country>
    <lastip>172.22.2.109</lastip>
    <picture>0</picture>
    <url></url>
    <description>$@NULL@$</description>
    <descriptionformat>0</descriptionformat>
    <imagealt>$@NULL@$</imagealt>
    <auth>ldap</auth>
    <confirmed>1</confirmed>
    <policyagreed>0</policyagreed>
    <deleted>0</deleted>
    <lang>es_es</lang>
    <theme></theme>
    <timezone>99</timezone>
    <firstaccess>1316673848</firstaccess>
    <lastaccess>1332832984</lastaccess>
    <lastlogin>1332409287</lastlogin>
    <currentlogin>1332829830</currentlogin>
    <mailformat>1</mailformat>
    <maildigest>0</maildigest>
    <maildisplay>2</maildisplay>
    <htmleditor>1</htmleditor>
    <ajax>1</ajax>
    <autosubscribe>1</autosubscribe>
    <trackforums>0</trackforums>
    <timecreated>0</timecreated>
    <timemodified>1316673848</timemodified>
    <trustbitmask>0</trustbitmask>
    <screenreader>0</screenreader>
    <custom_fields>
    </custom_fields>
    <tags>
    </tags>
    <preferences>
      <preference id="717">
        <name>block292hidden</name>
        <value>0</value>
      </preference>
      <preference id="602">
        <name>block393hidden</name>
        <value>0</value>
      </preference>
      <preference id="716">
        <name>block394hidden</name>
        <value>0</value>
      </preference>
    </preferences>
    <roles>
      <role_overrides>
      </role_overrides>
      <role_assignments>
      </role_assignments>
    </roles>
  </user>
  <user id="333" contextid="5016">
    <username>fernando.giraldo</username>
    <idnumber></idnumber>
    <firstname>Fernando</firstname>
    <lastname>Giraldo Rebolloso</lastname>
    <email>el_fernan_91@hotmail.com</email>
    <icq></icq>
    <skype></skype>
    <yahoo></yahoo>
    <aim></aim>
    <msn></msn>
    <phone1></phone1>
    <phone2></phone2>
    <institution></institution>
    <department></department>
    <address></address>
    <city>Dos Hermanas</city>
    <country>ES</country>
    <lastip>172.22.1.112</lastip>
    <picture>0</picture>
    <url></url>
    <description></description>
    <descriptionformat>0</descriptionformat>
    <imagealt></imagealt>
    <auth>ldap</auth>
    <confirmed>1</confirmed>
    <policyagreed>0</policyagreed>
    <deleted>0</deleted>
    <lang>es_es</lang>
    <theme></theme>
    <timezone>99</timezone>
    <firstaccess>1317118404</firstaccess>
    <lastaccess>1332409220</lastaccess>
    <lastlogin>1331759577</lastlogin>
    <currentlogin>1332409219</currentlogin>
    <mailformat>1</mailformat>
    <maildigest>0</maildigest>
    <maildisplay>0</maildisplay>
    <htmleditor>1</htmleditor>
    <ajax>1</ajax>
    <autosubscribe>1</autosubscribe>
    <trackforums>1</trackforums>
    <timecreated>0</timecreated>
    <timemodified>1317723872</timemodified>
    <trustbitmask>0</trustbitmask>
    <screenreader>0</screenreader>
    <custom_fields>
    </custom_fields>
    <tags>
    </tags>
    <preferences>
      <preference id="719">
        <name>block297hidden</name>
        <value>0</value>
      </preference>
      <preference id="675">
        <name>block339hidden</name>
        <value>0</value>
      </preference>
    </preferences>
    <roles>
      <role_overrides>
      </role_overrides>
      <role_assignments>
      </role_assignments>
    </roles>
  </user>
  <user id="334" contextid="5017">
    <username>jose.ruiz</username>
    <idnumber></idnumber>
    <firstname>Jose Enrique</firstname>
    <lastname>Ruiz Navarro</lastname>
    <email>donjoseenriqueruiz@gmail.com</email>
    <icq></icq>
    <skype></skype>
    <yahoo></yahoo>
    <aim></aim>
    <msn></msn>
    <phone1></phone1>
    <phone2></phone2>
    <institution></institution>
    <department></department>
    <address></address>
    <city>Alcalá de Guadaíra</city>
    <country>ES</country>
    <lastip>0.0.0.0</lastip>
    <picture>1</picture>
    <url></url>
    <description></description>
    <descriptionformat>0</descriptionformat>
    <imagealt></imagealt>
    <auth>ldap</auth>
    <confirmed>1</confirmed>
    <policyagreed>0</policyagreed>
    <deleted>0</deleted>
    <lang>es_es</lang>
    <theme></theme>
    <timezone>99</timezone>
    <firstaccess>1317118540</firstaccess>
    <lastaccess>1332871296</lastaccess>
    <lastlogin>1332776112</lastlogin>
    <currentlogin>1332871295</currentlogin>
    <mailformat>1</mailformat>
    <maildigest>0</maildigest>
    <maildisplay>2</maildisplay>
    <htmleditor>1</htmleditor>
    <ajax>1</ajax>
    <autosubscribe>1</autosubscribe>
    <trackforums>0</trackforums>
    <timecreated>0</timecreated>
    <timemodified>1317710980</timemodified>
    <trustbitmask>0</trustbitmask>
    <screenreader>0</screenreader>
    <custom_fields>
    </custom_fields>
    <tags>
    </tags>
    <preferences>
    </preferences>
    <roles>
      <role_overrides>
      </role_overrides>
      <role_assignments>
      </role_assignments>
    </roles>
  </user>
  <user id="342" contextid="5028">
    <username>carlos.mejias</username>
    <idnumber></idnumber>
    <firstname>Carlos javier</firstname>
    <lastname>Mejías Tinoco</lastname>
    <email>squall_xxx@hotmail.com</email>
    <icq></icq>
    <skype></skype>
    <yahoo></yahoo>
    <aim></aim>
    <msn></msn>
    <phone1></phone1>
    <phone2></phone2>
    <institution></institution>
    <department></department>
    <address></address>
    <city>Dos Hermanas</city>
    <country></country>
    <lastip>172.22.7.93</lastip>
    <picture>0</picture>
    <url></url>
    <description>$@NULL@$</description>
    <descriptionformat>0</descriptionformat>
    <imagealt>$@NULL@$</imagealt>
    <auth>ldap</auth>
    <confirmed>1</confirmed>
    <policyagreed>0</policyagreed>
    <deleted>0</deleted>
    <lang>es_es</lang>
    <theme></theme>
    <timezone>99</timezone>
    <firstaccess>1317128941</firstaccess>
    <lastaccess>1332849907</lastaccess>
    <lastlogin>1332844510</lastlogin>
    <currentlogin>1332845987</currentlogin>
    <mailformat>1</mailformat>
    <maildigest>0</maildigest>
    <maildisplay>2</maildisplay>
    <htmleditor>1</htmleditor>
    <ajax>1</ajax>
    <autosubscribe>1</autosubscribe>
    <trackforums>0</trackforums>
    <timecreated>0</timecreated>
    <timemodified>1317128941</timemodified>
    <trustbitmask>0</trustbitmask>
    <screenreader>0</screenreader>
    <custom_fields>
    </custom_fields>
    <tags>
    </tags>
    <preferences>
    </preferences>
    <roles>
      <role_overrides>
      </role_overrides>
      <role_assignments>
      </role_assignments>
    </roles>
  </user>
  <user id="343" contextid="5035">
    <username>david.ceballos</username>
    <idnumber></idnumber>
    <firstname>David</firstname>
    <lastname>Ceballos Toro</lastname>
    <email>fori_montellano@hotmail.com</email>
    <icq></icq>
    <skype></skype>
    <yahoo></yahoo>
    <aim></aim>
    <msn></msn>
    <phone1></phone1>
    <phone2></phone2>
    <institution></institution>
    <department></department>
    <address></address>
    <city>Montellano</city>
    <country></country>
    <lastip>83.59.35.127</lastip>
    <picture>0</picture>
    <url></url>
    <description>$@NULL@$</description>
    <descriptionformat>0</descriptionformat>
    <imagealt>$@NULL@$</imagealt>
    <auth>ldap</auth>
    <confirmed>1</confirmed>
    <policyagreed>0</policyagreed>
    <deleted>0</deleted>
    <lang>es_es</lang>
    <theme></theme>
    <timezone>99</timezone>
    <firstaccess>1317196318</firstaccess>
    <lastaccess>1332880467</lastaccess>
    <lastlogin>1332846012</lastlogin>
    <currentlogin>1332873375</currentlogin>
    <mailformat>1</mailformat>
    <maildigest>0</maildigest>
    <maildisplay>2</maildisplay>
    <htmleditor>1</htmleditor>
    <ajax>1</ajax>
    <autosubscribe>1</autosubscribe>
    <trackforums>0</trackforums>
    <timecreated>0</timecreated>
    <timemodified>1317196318</timemodified>
    <trustbitmask>0</trustbitmask>
    <screenreader>0</screenreader>
    <custom_fields>
    </custom_fields>
    <tags>
    </tags>
    <preferences>
      <preference id="718">
        <name>block297hidden</name>
        <value>0</value>
      </preference>
    </preferences>
    <roles>
      <role_overrides>
      </role_overrides>
      <role_assignments>
      </role_assignments>
    </roles>
  </user>
  <user id="345" contextid="5083">
    <username>jose.diaz</username>
    <idnumber></idnumber>
    <firstname>José</firstname>
    <lastname>Díaz García</lastname>
    <email>p.digar@gmail.com</email>
    <icq></icq>
    <skype></skype>
    <yahoo></yahoo>
    <aim></aim>
    <msn></msn>
    <phone1></phone1>
    <phone2></phone2>
    <institution></institution>
    <department></department>
    <address></address>
    <city>Dos Hermanas</city>
    <country></country>
    <lastip>172.22.4.0</lastip>
    <picture>0</picture>
    <url></url>
    <description>$@NULL@$</description>
    <descriptionformat>0</descriptionformat>
    <imagealt>$@NULL@$</imagealt>
    <auth>ldap</auth>
    <confirmed>1</confirmed>
    <policyagreed>0</policyagreed>
    <deleted>0</deleted>
    <lang>es_es</lang>
    <theme></theme>
    <timezone>99</timezone>
    <firstaccess>1317711059</firstaccess>
    <lastaccess>1332757381</lastaccess>
    <lastlogin>1332507660</lastlogin>
    <currentlogin>1332750238</currentlogin>
    <mailformat>1</mailformat>
    <maildigest>0</maildigest>
    <maildisplay>2</maildisplay>
    <htmleditor>1</htmleditor>
    <ajax>1</ajax>
    <autosubscribe>1</autosubscribe>
    <trackforums>0</trackforums>
    <timecreated>0</timecreated>
    <timemodified>1317711059</timemodified>
    <trustbitmask>0</trustbitmask>
    <screenreader>0</screenreader>
    <custom_fields>
    </custom_fields>
    <tags>
    </tags>
    <preferences>
    </preferences>
    <roles>
      <role_overrides>
      </role_overrides>
      <role_assignments>
      </role_assignments>
    </roles>
  </user>
</users>